{"levels": {"L0": {"twonn": 15.17770425089324, "mle": 8.750847003874432, "reliable": true, "bootstrap": {"ci_high": 17.494315049144422, "ci_low": 10.6675052358247, "ci_width": 6.826809813319722, "confidence": 0.95, "n_effective": 1000, "n_resamples": 1000, "n_skipped": 0, "resampling_unit": "anchor", "seed": 59}, "n_unique": 167}, "L1": {"twonn": 16.770566734259756, "mle": 6.997709269359247, "reliable": true, "bootstrap": {"ci_high": 18.84470863625709, "ci_low": 13.064468848794387, "ci_width": 5.780239787462701, "confidence": 0.95, "n_effective": 1000, "n_resamples": 1000, "n_skipped": 0, "resampling_unit": "anchor", "seed": 59}, "n_unique": 167}, "L2": {"twonn": 15.86393350626113, "mle": 16.29568150706537, "reliable": true, "bootstrap": {"ci_high": 20.72461293045889, "ci_low": 12.610370989694959, "ci_width": 8.11424194076393, "confidence": 0.95, "n_effective": 1000, "n_resamples": 1000, "n_skipped": 0, "resampling_unit": "anchor", "seed": 59}, "n_unique": 167}, "L3": {"twonn": 14.38282023973903, "mle": 15.407891929901723, "reliable": true, "bootstrap": {"ci_high": 19.536110592307537, "ci_low": 11.59102844723093, "ci_width": 7.945082145076608, "confidence": 0.95, "n_effective": 1000, "n_resamples": 1000, "n_skipped": 0, "resampling_unit": "anchor", "seed": 59}, "n_unique": 167}, "L4": {"twonn": 15.8887606781471, "mle": 13.645092338976882, "reliable": true, "bootstrap": {"ci_high": 19.876693783422574, "ci_low": 12.723631944419322, "ci_width": 7.153061839003252, "confidence": 0.95, "n_effective": 1000, "n_resamples": 1000, "n_skipped": 0, "resampling_unit": "anchor", "seed": 59}, "n_unique": 167}, "L5": {"twonn": 13.520804016166966, "mle": 14.74538601661604, "reliable": true, "bootstrap": {"ci_high": 17.468663204520055, "ci_low": 10.133327987542307, "ci_width": 7.335335216977748, "confidence": 0.95, "n_effective": 1000, "n_resamples": 1000, "n_skipped": 0, "resampling_unit": "anchor", "seed": 59}, "n_unique": 167}}, "tasks": {"A": {"twonn": null, "reliable": false, "reason": "entities=2_below_minimum_20"}, "B": {"twonn": 15.364127015093866, "mle": 6.119123655000459, "reliable": true, "bootstrap": {"ci_high": 22.447800003504195, "ci_low": 7.190998588145188, "ci_width": 15.256801415359007, "confidence": 0.95, "n_effective": 1000, "n_resamples": 1000, "n_skipped": 0, "resampling_unit": "anchor", "seed": 59}}}, "skdim_version": "0.3.4"}