{
  "a1": {
    "A": {
      "alpha": 0.05,
      "best_mid_level": "L4",
      "delta_f1": 0.06439393939393939,
      "effect_size_met": false,
      "effect_threshold": 0.1,
      "n_pairs": 24,
      "p_value": 0.2651071430487029,
      "pass": false,
      "significant": false,
      "task_class": "A"
    },
    "B": {
      "alpha": 0.05,
      "best_mid_level": "L4",
      "delta_f1": 0.12784405879325667,
      "effect_size_met": true,
      "effect_threshold": 0.1,
      "n_pairs": 22,
      "p_value": 0.017726086578456268,
      "pass": true,
      "significant": true,
      "task_class": "B"
    },
    "C": {
      "alpha": 0.05,
      "best_mid_level": "L4",
      "delta_f1": 0.08628117913832198,
      "effect_size_met": false,
      "effect_threshold": 0.1,
      "n_pairs": 21,
      "p_value": 0.0033278027414746945,
      "pass": false,
      "significant": true,
      "task_class": "C"
    },
    "pass": true
  },
  "a2": {
    "A": {
      "argmax_level": "L0",
      "level_means": {
        "L0": 0.4,
        "L1": 0.1411764705882353,
        "L2": 0.14583333333333334,
        "L3": 0.125,
        "L4": 0.2708333333333333,
        "L5": 0.20643939393939395
      },
      "pass": false,
      "task_class": "A"
    },
    "B": {
      "argmax_level": "L3",
      "level_means": {
        "L3": 0.33700642791551877,
        "L4": 0.8771645021645021,
        "L5": 0.7493204433712456
      },
      "pass": true,
      "task_class": "B"
    },
    "C": {
      "argmax_level": "L3",
      "level_means": {
        "L2": 0.06349206349206349,
        "L3": 0.3857142857142857,
        "L4": 0.8791383219954648,
        "L5": 0.7928571428571428
      },
      "pass": true,
      "task_class": "C"
    },
    "pass": false
  },
  "a3": {
    "ci_high": 3.0,
    "ci_low": -2.0,
    "n_bootstrap": 1000,
    "n_tasks_a": 25,
    "n_tasks_bc": 43,
    "observed_diff": 3,
    "pass": false,
    "resampling_unit": "task",
    "seed": 59
  },
  "alpha": 0.05,
  "b_series": {
    "B1a": {
      "b": 0,
      "c": 32,
      "description": "P_GIT-sem vs P_random (McNemar)",
      "fdr_pass": false,
      "hit_rate_random": 0.47058823529411764,
      "hit_rate_sem": 0.0,
      "n_discordant": 32,
      "n_tasks": 68,
      "p_value": 4.656612873077393e-10,
      "x_better": false
    },
    "B1b": {
      "b": 13,
      "c": 0,
      "description": "P_GIT-struct vs P_GIT-sem (McNemar)",
      "fdr_pass": true,
      "hit_rate_sem": 0.0,
      "hit_rate_struct": 0.19117647058823528,
      "n_discordant": 13,
      "n_tasks": 68,
      "p_value": 0.000244140625,
      "x_better": true
    },
    "B2a": {
      "b": 0,
      "c": 0,
      "description": "P_GIT-sem vs H0 on discriminative subset (McNemar)",
      "discriminative_subset_size": 31,
      "fdr_pass": false,
      "hit_rate_h0": 0.0,
      "hit_rate_sem": 0.0,
      "n_discordant": 0,
      "no_verdict": false,
      "p_value": 1.0,
      "x_better": false
    },
    "B2b": {
      "b": 0,
      "c": 0,
      "description": "P_GIT-struct vs H0 on discriminative subset (McNemar)",
      "discriminative_subset_size": 31,
      "fdr_pass": false,
      "hit_rate_h0": 0.0,
      "hit_rate_struct": 0.0,
      "n_discordant": 0,
      "no_verdict": false,
      "p_value": 1.0,
      "x_better": false
    },
    "B2c": {
      "b": 0,
      "c": 13,
      "description": "P_GIT-sem vs P_GIT-struct (McNemar, ablation)",
      "fdr_pass": false,
      "n_discordant": 13,
      "n_tasks": 68,
      "p_value": 0.000244140625,
      "x_better": false
    },
    "B3": {
      "alpha": 0.05,
      "alternative": "less",
      "description": "|d_L(S-lm-real) - d_task| vs accuracy Spearman",
      "direction_correct": false,
      "fdr_pass": false,
      "n_units": 264,
      "p_value": 0.9999999430680465,
      "pass": false,
      "rho": 0.31931314695187857,
      "significant": false
    },
    "B4": {
      "alpha": 0.05,
      "description": "L3 vs L4 format sensitivity (paired Wilcoxon)",
      "fdr_pass": true,
      "mean_diff_l3_minus_l4": -0.38425943873705065,
      "mean_l3": 0.2763304688677823,
      "mean_l4": 0.660589907604833,
      "n_pairs": 67,
      "note": "secondary test \u2014 informational only, not in main decision",
      "p_value": 7.608939772277906e-08,
      "pass": true,
      "significant": true
    },
    "fdr_q": 0.05,
    "fdr_rejected": {
      "B1a": true,
      "B1b": true,
      "B2a": false,
      "B2b": false,
      "B2c": true,
      "B3": false,
      "B4": true
    },
    "n_tests": 7,
    "raw_p_values": {
      "B1a": 4.656612873077393e-10,
      "B1b": 0.000244140625,
      "B2a": 1.0,
      "B2b": 1.0,
      "B2c": 0.000244140625,
      "B3": 0.9999999430680465,
      "B4": 7.608939772277906e-08
    }
  },
  "decision": {
    "label": "git_rejected",
    "row": 6,
    "verdict": "B1/B2 \u5747\u4e0d\u6210\u7acb\uff1aGIT\u9884\u6d4b\u6027\u5426\u5b9a\uff0c\u5982\u5b9e\u62a5\u544a"
  },
  "deviations": [
    "D-70.2: S-code sensor unavailable (all fallback models failed); 2-sensor design used",
    "D-70.3: S-struct L1/L2 have zero entity-level edges \u2192 d\u224832.79 (random walks); documented",
    "D-70.5: P_GIT-sem=L0 for all tasks (d_task < d_L0=12.40); P_GIT-struct=L1 for all tasks"
  ],
  "discriminative_subset_ids": [
    "v2-a-list-packages",
    "v2-a-relation-count",
    "v2-a-direct-dep-exists",
    "v2-a-inheritance-count",
    "v2-a-composition-count",
    "v2-a-internal-rel-plugins",
    "v2-a-internal-rel-cli",
    "v2-a-internal-rel-types",
    "v2-b-callees-validatedmermaidgenerator-generatemet",
    "v2-b-callees-validatedmermaidgenerator-generate",
    "v2-b-callees-validatedmermaidgenerator-generatepac",
    "v2-b-caller-count-mermaidparsevalidator-validate",
    "c1-mermaid-to-validated",
    "c1-mermaid-to-pipeline",
    "c1-mermaid-to-renderer",
    "c1-mermaid-to-repair",
    "c1-mermaid-to-grouper",
    "c1-pipeline-to-validator",
    "c1-pipeline-to-structural",
    "c1-pipeline-to-render",
    "c1-pipeline-to-quality",
    "c1-autorepair-to-validator",
    "c1-generator-to-comment",
    "c1-parallel-to-ts",
    "c1-ts-to-relation",
    "c1-ts-to-interface",
    "c1-ts-to-enum",
    "c1-ts-to-function",
    "c2-most-called-ypescriptparser",
    "c2-most-called-elationextractor",
    "c2-most-called-ermaidvalidationpipeline"
  ],
  "discriminative_subset_size": 31,
  "fdr_q": 0.05,
  "hit_rates": {
    "H0": 0.5441176470588235,
    "P_GIT-sem": 0.0,
    "P_GIT-struct": 0.19117647058823528,
    "P_random": 0.47058823529411764
  },
  "n_bootstrap": 1000,
  "p_oracle": {
    "c1-autorepair-to-validator": "L3",
    "c1-generator-to-comment": "L3",
    "c1-mermaid-to-grouper": "L3",
    "c1-mermaid-to-pipeline": "L3",
    "c1-mermaid-to-renderer": "L3",
    "c1-mermaid-to-repair": "L3",
    "c1-mermaid-to-validated": "L3",
    "c1-parallel-to-ts": "L3",
    "c1-pipeline-to-quality": "L3",
    "c1-pipeline-to-render": "L3",
    "c1-pipeline-to-structural": "L3",
    "c1-pipeline-to-validator": "L3",
    "c1-ts-to-enum": "L3",
    "c1-ts-to-function": "L3",
    "c1-ts-to-interface": "L3",
    "c1-ts-to-relation": "L3",
    "c2-most-called-alidatedmermaidgenerator": "L2",
    "c2-most-called-elationextractor": "L3",
    "c2-most-called-ermaidparsevalidator": "L2",
    "c2-most-called-ermaidvalidationpipeline": "L3",
    "c2-most-called-ypescriptparser": "L3",
    "v2-a-composition-count": "L3",
    "v2-a-cross-package-count": "L1",
    "v2-a-cycle-exists": "L1",
    "v2-a-direct-dep-exists": "L3",
    "v2-a-dominant-entity-type": "L2",
    "v2-a-dominant-relation-type": "L1",
    "v2-a-highest-indegree-1": "L1",
    "v2-a-highest-outdegree": "L1",
    "v2-a-inheritance-count": "L3",
    "v2-a-interface-count": "L2",
    "v2-a-internal-rel-cli": "L5",
    "v2-a-internal-rel-mermaid": "L2",
    "v2-a-internal-rel-plugins": "L5",
    "v2-a-internal-rel-types": "L5",
    "v2-a-largest-package-size": "L1",
    "v2-a-list-packages": "L3",